category,identifier,routePath,fileType,file,groups,exports,imports,heuristics,usesClient,iaGuess
route,(auth)/admin/login/page.tsx,/admin/login,page,apps/admin/app/(auth)/admin/login/page.tsx,auth,metadata|AdminLoginPage,redirectIfAuthenticated ← @/lib/auth|AdminLoginForm ← @/components/auth/admin-login-form,,no,Unmapped
route,(auth)/device-login/page.tsx,/device-login,page,apps/admin/app/(auth)/device-login/page.tsx,auth,BiometricLoginPage,redirectIfAuthenticated ← @/lib/auth|DeviceLoginPage ← @/components/auth/device-login-page,,no,Unmapped
route,(auth)/first-login/page.tsx,/first-login,page,apps/admin/app/(auth)/first-login/page.tsx,auth,FirstLoginResetPage,useState ← react|useTransition ← react|getSupabaseBrowserClient ← @/lib/supabase/client|useRouter ← next/navigation|useSearchParams ← next/navigation,Client component|Form interaction,yes,Unmapped
route,(auth)/layout.tsx,/ (layout),layout,apps/admin/app/(auth)/layout.tsx,auth,metadata|AuthLayout,Metadata ← next,,no,Unmapped
route,(auth)/login/page.tsx,/login,page,apps/admin/app/(auth)/login/page.tsx,auth,LoginPage,redirect ← next/navigation|Link ← next/link|redirectIfAuthenticated ← @/lib/auth|LoginForm ← @/components/auth/login-form|Smartphone ← lucide-react,,no,Unmapped
route,(auth)/mfa/page.tsx,/mfa,page,apps/admin/app/(auth)/mfa/page.tsx,auth,SmartMFA,AuthxLoginForm ← @/components/auth/authx-login-form|OptimizedImage ← @/components/ui/optimized-image|useTranslation ← @/providers/i18n-provider,Client component,yes,Unmapped
route,(main)/admin/(panel)/approvals/page.tsx,/admin/approvals,page,apps/admin/app/(main)/admin/(panel)/approvals/page.tsx,main|panel,ApprovalsPage,GradientHeader ← @/components/ui/gradient-header|GlassCard ← @/components/ui/glass-card|StatusChip ← @/components/common/status-chip|AdminApprovalsPanel ← @/components/admin/approvals/approvals-panel|JoinRequestItem ← @/components/admin/approvals/approvals-panel|InviteItem ← @/components/admin/approvals/approvals-panel|requireUserAndProfile ← @/lib/auth|createSupabaseServiceRoleClient ← @/lib/supabaseServer|resolveTenantScope ← @/lib/admin/scope|resolveTenantScopeSearchParams ← @/lib/admin/scope|TenantScopeSearchParamsInput ← @/lib/admin/scope|isMissingRelationError ← @/lib/supabase/errors|Trans ← @/components/common/trans|Database ← @/lib/supabase/types,,no,Unmapped
route,(main)/admin/(panel)/audit/page.tsx,/admin/audit,page,apps/admin/app/(main)/admin/(panel)/audit/page.tsx,main|panel,AuditPage,GradientHeader ← @/components/ui/gradient-header|GlassCard ← @/components/ui/glass-card|StatusChip ← @/components/common/status-chip|AuditLogTable ← @/components/admin/audit-log-table|AuditLogEntry ← @/components/admin/audit-log-table|AuditFilters ← @/components/admin/audit/audit-filters|AuditFiltersState ← @/components/admin/audit/audit-filters|AuditExportButton ← @/components/admin/audit/audit-export-button|Trans ← @/components/common/trans|requireUserAndProfile ← @/lib/auth|createSupabaseServiceRoleClient ← @/lib/supabaseServer|isMissingRelationError ← @/lib/supabase/errors|resolveTenantScope ← @/lib/admin/scope|resolveTenantScopeSearchParams ← @/lib/admin/scope|TenantScopeSearchParamsInput ← @/lib/admin/scope,,no,Operations
route,(main)/admin/(panel)/feature-flags/page.tsx,/admin/feature-flags,page,apps/admin/app/(main)/admin/(panel)/feature-flags/page.tsx,main|panel,FeatureFlagsPage,GradientHeader ← @/components/ui/gradient-header|GlassCard ← @/components/ui/glass-card|StatusChip ← @/components/common/status-chip|FeatureFlagsCard ← @/components/admin/feature-flags-card|Trans ← @/components/common/trans|requireUserAndProfile ← @/lib/auth,,no,Unmapped
route,(main)/admin/(panel)/groups/page.tsx,/admin/groups,page,apps/admin/app/(main)/admin/(panel)/groups/page.tsx,main|panel,GroupsPage,GradientHeader ← @/components/ui/gradient-header|GlassCard ← @/components/ui/glass-card|StatusChip ← @/components/common/status-chip|IkiminaTable ← @/components/ikimina/ikimina-table|requireUserAndProfile ← @/lib/auth|getIkiminaDirectorySummary ← @/lib/ikimina/list|resolveTenantScope ← @/lib/admin/scope|resolveTenantScopeSearchParams ← @/lib/admin/scope|TenantScopeSearchParamsInput ← @/lib/admin/scope|Trans ← @/components/common/trans,,no,Unmapped
route,(main)/admin/(panel)/health/page.tsx,/admin/health,page,apps/admin/app/(main)/admin/(panel)/health/page.tsx,main|panel,metadata|HealthDashboardPage,Metadata ← next|createSupabaseServerClient ← @/lib/supabase/server|redirect ← next/navigation,,no,Unmapped
route,(main)/admin/(panel)/layout.tsx,/admin (layout),layout,apps/admin/app/(main)/admin/(panel)/layout.tsx,main|panel,AdminPanelLayout,redirect ← next/navigation|requireUserAndProfile ← @/lib/auth|createSupabaseServiceRoleClient ← @/lib/supabaseServer|isMissingRelationError ← @/lib/supabase/errors|AdminPanelShell ← @/components/admin/panel/panel-shell|TenantOption ← @/components/admin/panel/types,,no,Unmapped
route,(main)/admin/(panel)/members/page.tsx,/admin/members,page,apps/admin/app/(main)/admin/(panel)/members/page.tsx,main|panel,MembersPage,GradientHeader ← @/components/ui/gradient-header|GlassCard ← @/components/ui/glass-card|StatusChip ← @/components/common/status-chip|AdminMembersDirectory ← @/components/admin/members/directory-table|MemberDirectoryRow ← @/components/admin/members/directory-table|requireUserAndProfile ← @/lib/auth|createSupabaseServiceRoleClient ← @/lib/supabaseServer|resolveTenantScope ← @/lib/admin/scope|resolveTenantScopeSearchParams ← @/lib/admin/scope|TenantScopeSearchParamsInput ← @/lib/admin/scope|Trans ← @/components/common/trans|isMissingRelationError ← @/lib/supabase/errors,,no,Members
route,(main)/admin/(panel)/notifications/page.tsx,/admin/notifications,page,apps/admin/app/(main)/admin/(panel)/notifications/page.tsx,main|panel,NotificationsPage,GradientHeader ← @/components/ui/gradient-header|GlassCard ← @/components/ui/glass-card|StatusChip ← @/components/common/status-chip|NotificationQueueTable ← @/components/admin/notification-queue-table|SmsTemplatePanel ← @/components/admin/sms-template-panel|OutreachAutomationCard ← @/components/admin/outreach-automation-card|Trans ← @/components/common/trans|requireUserAndProfile ← @/lib/auth|createSupabaseServiceRoleClient ← @/lib/supabaseServer|isMissingRelationError ← @/lib/supabase/errors|resolveTenantScope ← @/lib/admin/scope|resolveTenantScopeSearchParams ← @/lib/admin/scope|TenantScopeSearchParamsInput ← @/lib/admin/scope|env ← @/src/env.server,,no,Unmapped
route,(main)/admin/(panel)/ocr/page.tsx,/admin/ocr,page,apps/admin/app/(main)/admin/(panel)/ocr/page.tsx,main|panel,OcrPage,GradientHeader ← @/components/ui/gradient-header|GlassCard ← @/components/ui/glass-card|StatusChip ← @/components/common/status-chip|OcrReviewQueue ← @/components/admin/ocr/ocr-review-queue|OcrReviewItem ← @/components/admin/ocr/ocr-review-queue|Trans ← @/components/common/trans|requireUserAndProfile ← @/lib/auth|createSupabaseServiceRoleClient ← @/lib/supabaseServer|supabaseSrv ← @/lib/supabase/server|isMissingRelationError ← @/lib/supabase/errors|resolveTenantScope ← @/lib/admin/scope|resolveTenantScopeSearchParams ← @/lib/admin/scope|TenantScopeSearchParamsInput ← @/lib/admin/scope,,no,Unmapped
route,(main)/admin/(panel)/overview/page.tsx,/admin/overview,page,apps/admin/app/(main)/admin/(panel)/overview/page.tsx,main|panel,OverviewPage,GradientHeader ← @/components/ui/gradient-header|GlassCard ← @/components/ui/glass-card|StatusChip ← @/components/common/status-chip|NotificationQueueTable ← @/components/admin/notification-queue-table|OperationalTelemetry ← @/components/admin/operational-telemetry|AuditLogTable ← @/components/admin/audit-log-table|AuditLogEntry ← @/components/admin/audit-log-table|FeatureFlagsCard ← @/components/admin/feature-flags-card|MfaInsightsCard ← @/components/admin/mfa-insights-card|EmptyState ← @/components/ui/empty-state|requireUserAndProfile ← @/lib/auth|createSupabaseServiceRoleClient ← @/lib/supabaseServer|isMissingRelationError ← @/lib/supabase/errors|resolveTenantScope ← @/lib/admin/scope|resolveTenantScopeSearchParams ← @/lib/admin/scope|TenantScopeSearchParamsInput ← @/lib/admin/scope|getMfaInsights ← @/lib/mfa/insights|Trans ← @/components/common/trans|SupabaseClient ← @supabase/supabase-js|PostgrestError ← @supabase/supabase-js|Database ← @/lib/supabase/types,,no,Unmapped
route,(main)/admin/(panel)/page.tsx,/admin,page,apps/admin/app/(main)/admin/(panel)/page.tsx,main|panel,AdminIndexPage,redirect ← next/navigation,,no,Unmapped
route,(main)/admin/(panel)/payments/page.tsx,/admin/payments,page,apps/admin/app/(main)/admin/(panel)/payments/page.tsx,main|panel,PaymentsPage,GradientHeader ← @/components/ui/gradient-header|GlassCard ← @/components/ui/glass-card|StatusChip ← @/components/common/status-chip|OutreachAutomationCard ← @/components/admin/outreach-automation-card|Trans ← @/components/common/trans|requireUserAndProfile ← @/lib/auth|createSupabaseServiceRoleClient ← @/lib/supabaseServer|isMissingRelationError ← @/lib/supabase/errors|resolveTenantScope ← @/lib/admin/scope|resolveTenantScopeSearchParams ← @/lib/admin/scope|TenantScopeSearchParamsInput ← @/lib/admin/scope,,no,Transactions
route,(main)/admin/(panel)/reconciliation/page.tsx,/admin/reconciliation,page,apps/admin/app/(main)/admin/(panel)/reconciliation/page.tsx,main|panel,AdminReconciliationPage,GradientHeader ← @/components/ui/gradient-header|GlassCard ← @/components/ui/glass-card|StatusChip ← @/components/common/status-chip|StatementImportWizard ← @/components/ikimina/statement-import-wizard|ReconciliationTable ← @/components/recon/reconciliation-table|ReconciliationRow ← @/components/recon/reconciliation-table|SmsInboxPanel ← @/components/recon/sms-inbox-panel|AutomationHealthBanner ← @/components/recon/automation-health-banner|Trans ← @/components/common/trans|requireUserAndProfile ← @/lib/auth|createSupabaseServiceRoleClient ← @/lib/supabaseServer|resolveTenantScope ← @/lib/admin/scope|resolveTenantScopeSearchParams ← @/lib/admin/scope|TenantScopeSearchParamsInput ← @/lib/admin/scope|canImportStatements ← @/lib/permissions|canReconcilePayments ← @/lib/permissions|isSystemAdmin ← @/lib/permissions|Database ← @/lib/supabase/types|getAutomationHealthStub ← @/lib/e2e/automation-health-store,,no,Operations
route,(main)/admin/(panel)/reports/page.tsx,/admin/reports,page,apps/admin/app/(main)/admin/(panel)/reports/page.tsx,main|panel,ReportsAdminPage,requireUserAndProfile ← @/lib/auth|createSupabaseServiceRoleClient ← @/lib/supabaseServer|resolveTenantScope ← @/lib/admin/scope|resolveTenantScopeSearchParams ← @/lib/admin/scope|TenantScopeSearchParamsInput ← @/lib/admin/scope|SaccoSearchResult ← @/components/saccos/sacco-search-combobox|ReportsClient ← @/app/(main)/reports/client|mapSubscriptionRow ← @/app/(main)/reports/subscription-utils|ReportSubscription ← @/app/(main)/reports/types,,no,Reports
route,(main)/admin/(panel)/saccos/page.tsx,/admin/saccos,page,apps/admin/app/(main)/admin/(panel)/saccos/page.tsx,main|panel,SaccosPage,GradientHeader ← @/components/ui/gradient-header|GlassCard ← @/components/ui/glass-card|StatusChip ← @/components/common/status-chip|SaccoRegistryManager ← @/components/admin/sacco-registry-manager|FinancialInstitutionManager ← @/components/admin/financial-institution-manager|MomoCodeTable ← @/components/admin/momo-code-table|requireUserAndProfile ← @/lib/auth|createSupabaseServiceRoleClient ← @/lib/supabaseServer|resolveTenantScope ← @/lib/admin/scope|resolveTenantScopeSearchParams ← @/lib/admin/scope|TenantScopeSearchParamsInput ← @/lib/admin/scope|isMissingRelationError ← @/lib/supabase/errors|Trans ← @/components/common/trans|Database ← @/lib/supabase/types|SaccoSearchResult ← @/components/saccos/sacco-search-combobox,Server action reference|Form interaction,no,Unmapped
route,(main)/admin/(panel)/settings/page.tsx,/admin/settings,page,apps/admin/app/(main)/admin/(panel)/settings/page.tsx,main|panel,SettingsPage,GradientHeader ← @/components/ui/gradient-header|GlassCard ← @/components/ui/glass-card|StatusChip ← @/components/common/status-chip|TenantSettingsPanel ← @/components/admin/settings/tenant-settings-panel|TenantSettingsRecord ← @/components/admin/settings/tenant-settings-panel|SecurityOperationsCard ← @/components/admin/settings/security-operations-card|Trans ← @/components/common/trans|requireUserAndProfile ← @/lib/auth|createSupabaseServiceRoleClient ← @/lib/supabaseServer|isMissingRelationError ← @/lib/supabase/errors|resolveTenantScope ← @/lib/admin/scope|resolveTenantScopeSearchParams ← @/lib/admin/scope|TenantScopeSearchParamsInput ← @/lib/admin/scope,,no,Settings
route,(main)/admin/(panel)/staff/page.tsx,/admin/staff,page,apps/admin/app/(main)/admin/(panel)/staff/page.tsx,main|panel,metadata|AdminStaffPage,redirect ← next/navigation|requireUserAndProfile ← @/lib/auth|supabaseSrv ← @/lib/supabase/server|isMissingRelationError ← @/lib/supabase/errors|isSystemAdmin ← @/lib/permissions|StaffDirectory ← @/components/admin/staff/staff-directory|InviteUserForm ← @/components/admin/invite-user-form,,no,Staff
route,(main)/analytics/page.tsx,/analytics,page,apps/admin/app/(main)/analytics/page.tsx,main,AnalyticsPage,GradientHeader ← @/components/ui/gradient-header|GlassCard ← @/components/ui/glass-card|StatusChip ← @/components/common/status-chip|requireUserAndProfile ← @/lib/auth|Trans ← @/components/common/trans|getExecutiveAnalytics ← @/lib/analytics|ExecutiveOverview ← @/components/analytics/executive-overview,,no,Reports
route,(main)/countries/[id]/page.tsx,/countries/:id,page,apps/admin/app/(main)/countries/[id]/page.tsx,main,CountryConfigPage,createSupabaseAdminClient ← @/lib/supabase/admin,Contains TODO or FIXME,no,Unmapped
route,(main)/countries/page.tsx,/countries,page,apps/admin/app/(main)/countries/page.tsx,main,CountriesPage,Link ← next/link|createSupabaseAdminClient ← @/lib/supabase/admin|CountryRow ← @/lib/types/multicountry,,no,Unmapped
route,(main)/dashboard/loading.tsx,/dashboard (loading),loading,apps/admin/app/(main)/dashboard/loading.tsx,main,DashboardLoading,Skeleton ← @/components/ui/skeleton,,no,Reports
route,(main)/dashboard/page.tsx,/dashboard,page,apps/admin/app/(main)/dashboard/page.tsx,main,runtime|DashboardPage,Route ← next|GradientHeader ← @/components/ui/gradient-header|GlassCard ← @/components/ui/glass-card|KPIStat ← @/components/dashboard/kpi-stat|QuickAction ← @/components/dashboard/quick-action|StatusChip ← @/components/common/status-chip|EmptyState ← @/components/ui/empty-state|MissedContributorsList ← @/components/dashboard/missed-contributors-list|requireUserAndProfile ← @/lib/auth|getDashboardSummary ← @/lib/dashboard|EMPTY_DASHBOARD_SUMMARY ← @/lib/dashboard|Trans ← @/components/common/trans|TopIkiminaTable ← @/components/dashboard/top-ikimina-table,,no,Reports
route,(main)/ikimina/[id]/deposits/page.tsx,/ikimina/:id/deposits,page,apps/admin/app/(main)/ikimina/[id]/deposits/page.tsx,main,DepositsPage,notFound ← next/navigation|GlassCard ← @/components/ui/glass-card|StatementImportWizard ← @/components/ikimina/statement-import-wizard|requireUserAndProfile ← @/lib/auth|createSupabaseServerClient ← @/lib/supabase/server|IkiminaDepositsTable ← @/components/ikimina/ikimina-deposits-table|Database ← @/lib/supabase/types|canImportStatements ← @/lib/permissions|hasSaccoReadAccess ← @/lib/permissions,,no,Unmapped
route,(main)/ikimina/[id]/loading.tsx,/ikimina/:id (loading),loading,apps/admin/app/(main)/ikimina/[id]/loading.tsx,main,IkiminaDetailLoading,Skeleton ← @/components/ui/skeleton,,no,Unmapped
route,(main)/ikimina/[id]/members/page.tsx,/ikimina/:id/members,page,apps/admin/app/(main)/ikimina/[id]/members/page.tsx,main,MembersPage,notFound ← next/navigation|MemberDirectoryCard ← @/components/ikimina/member-directory-card|requireUserAndProfile ← @/lib/auth|createSupabaseServerClient ← @/lib/supabase/server|Database ← @/lib/supabase/types|canManageMembers ← @/lib/permissions|hasSaccoReadAccess ← @/lib/permissions,,no,Members
route,(main)/ikimina/[id]/page.tsx,/ikimina/:id,page,apps/admin/app/(main)/ikimina/[id]/page.tsx,main,IkiminaDetailPage,notFound ← next/navigation|requireUserAndProfile ← @/lib/auth|createSupabaseServerClient ← @/lib/supabase/server|IkiminaDetailTabs ← @/components/ikimina/ikimina-detail-tabs|Database ← @/lib/supabase/types|hasSaccoReadAccess ← @/lib/permissions,,no,Unmapped
route,(main)/ikimina/[id]/settings/page.tsx,/ikimina/:id/settings,page,apps/admin/app/(main)/ikimina/[id]/settings/page.tsx,main,SettingsPage,notFound ← next/navigation|requireUserAndProfile ← @/lib/auth|createSupabaseServerClient ← @/lib/supabase/server|IkiminaSettingsEditor ← @/components/ikimina/ikimina-settings-editor|Database ← @/lib/supabase/types|hasSaccoReadAccess ← @/lib/permissions,,no,Settings
route,(main)/ikimina/[id]/statements/page.tsx,/ikimina/:id/statements,page,apps/admin/app/(main)/ikimina/[id]/statements/page.tsx,main,StatementsPage,notFound ← next/navigation|GlassCard ← @/components/ui/glass-card|requireUserAndProfile ← @/lib/auth|createSupabaseServerClient ← @/lib/supabase/server|Database ← @/lib/supabase/types|hasSaccoReadAccess ← @/lib/permissions,,no,Unmapped
route,(main)/ikimina/loading.tsx,/ikimina (loading),loading,apps/admin/app/(main)/ikimina/loading.tsx,main,IkiminaListLoading,Skeleton ← @/components/ui/skeleton,,no,Unmapped
route,(main)/ikimina/page.tsx,/ikimina,page,apps/admin/app/(main)/ikimina/page.tsx,main,IkiminaPage,GradientHeader ← @/components/ui/gradient-header|requireUserAndProfile ← @/lib/auth|IkiminaTable ← @/components/ikimina/ikimina-table|Trans ← @/components/common/trans|getIkiminaDirectorySummary ← @/lib/ikimina/list,,no,Unmapped
route,(main)/layout.tsx,/ (layout),layout,apps/admin/app/(main)/layout.tsx,main,MainLayout,requireUserAndProfile ← @/lib/auth|redirect ← next/navigation|ProfileProvider ← @/providers/profile-provider|AppShell ← @/components/layout/app-shell,,no,Unmapped
route,(main)/ops/page.tsx,/ops,page,apps/admin/app/(main)/ops/page.tsx,main,OperationsPage,Fragment ← react|GradientHeader ← @/components/ui/gradient-header|GlassCard ← @/components/ui/glass-card|StatusChip ← @/components/common/status-chip|requireUserAndProfile ← @/lib/auth|Trans ← @/components/common/trans|Sparkline ← @/components/ui/sparkline|TrendPoint ← @/lib/operations/dashboard|getOperationsSnapshot ← @/lib/operations/dashboard,,no,Unmapped
route,(main)/partners/[id]/page.tsx,/partners/:id,page,apps/admin/app/(main)/partners/[id]/page.tsx,main,PartnerConfigPage,createSupabaseAdminClient ← @/lib/supabase/admin,Contains TODO or FIXME,no,Unmapped
route,(main)/partners/page.tsx,/partners,page,apps/admin/app/(main)/partners/page.tsx,main,PartnersPage,Link ← next/link|createSupabaseAdminClient ← @/lib/supabase/admin,,no,Unmapped
route,(main)/profile/page.tsx,/profile,page,apps/admin/app/(main)/profile/page.tsx,main,ProfilePage,requireUserAndProfile ← @/lib/auth|ProfileClient ← ./profile-client,,no,Unmapped
route,(main)/recon/page.tsx,/recon,page,apps/admin/app/(main)/recon/page.tsx,main,ReconciliationPage,GradientHeader ← @/components/ui/gradient-header|GlassCard ← @/components/ui/glass-card|StatusChip ← @/components/common/status-chip|StatementImportWizard ← @/components/ikimina/statement-import-wizard|ReconciliationTable ← @/components/recon/reconciliation-table|SmsInboxPanel ← @/components/recon/sms-inbox-panel|requireUserAndProfile ← @/lib/auth|createSupabaseServerClient ← @/lib/supabase/server|Database ← @/lib/supabase/types|canImportStatements ← @/lib/permissions|canReconcilePayments ← @/lib/permissions|isSystemAdmin ← @/lib/permissions|Trans ← @/components/common/trans,,no,Unmapped
route,(main)/reports/page.tsx,/reports,page,apps/admin/app/(main)/reports/page.tsx,main,ReportsPage,requireUserAndProfile ← @/lib/auth|createSupabaseServiceRoleClient ← @/lib/supabaseServer|SaccoSearchResult ← @/components/saccos/sacco-search-combobox|ReportsClient ← ./client|mapSubscriptionRow ← ./subscription-utils|ReportSubscription ← ./types,,no,Reports
route,(staff)/staff/allocations/page.tsx,/staff/allocations,page,apps/admin/app/(staff)/staff/allocations/page.tsx,staff,AllocationTriagePage,loadAllocationTriage ← @/lib/staff/data,,no,Staff
route,(staff)/staff/exceptions/page.tsx,/staff/exceptions,page,apps/admin/app/(staff)/staff/exceptions/page.tsx,staff,ReconExceptionsPage,loadReconExceptions ← @/lib/staff/data,,no,Staff
route,(staff)/staff/export/page.tsx,/staff/export,page,apps/admin/app/(staff)/staff/export/page.tsx,staff,AllocationExportPage,requestAllocationExport ← @/lib/staff/data,Server action reference|Form interaction,no,Staff
route,(staff)/staff/layout.tsx,/staff (layout),layout,apps/admin/app/(staff)/staff/layout.tsx,staff,StaffLayout,ReactNode ← react|notFound ← next/navigation|StaffNav ← @/components/staff/staff-nav|requireUserAndProfile ← @/lib/auth,,no,Staff
route,(staff)/staff/onboarding/page.tsx,/staff/onboarding,page,apps/admin/app/(staff)/staff/onboarding/page.tsx,staff,StaffOnboardingPage,OnboardingFlow ← @/components/member/onboarding/onboarding-flow,,no,Staff
route,(staff)/staff/page.tsx,/staff,page,apps/admin/app/(staff)/staff/page.tsx,staff,StaffIndexPage,redirect ← next/navigation,,no,Staff
route,admin/countries/[id]/page.tsx,/admin/countries/:id,page,apps/admin/app/admin/countries/[id]/page.tsx,,EditCountryPage,revalidatePath ← next/cache|notFound ← next/navigation|createSupabaseAdminClient ← @/lib/supabase/admin,Server action reference|Form interaction,no,Unmapped
route,admin/countries/new/page.tsx,/admin/countries/new,page,apps/admin/app/admin/countries/new/page.tsx,,NewCountryPage,revalidatePath ← next/cache|redirect ← next/navigation|createSupabaseAdminClient ← @/lib/supabase/admin,Server action reference|Form interaction,no,Unmapped
route,admin/countries/page.tsx,/admin/countries,page,apps/admin/app/admin/countries/page.tsx,,GovernanceCountriesPage,Link ← next/link|createSupabaseAdminClient ← @/lib/supabase/admin|CountryRow ← @/lib/types/multicountry,,no,Unmapped
route,admin/invites/page.tsx,/admin/invites,page,apps/admin/app/admin/invites/page.tsx,,StaffInvitesPage,Link ← next/link|revalidatePath ← next/cache|createSupabaseAdminClient ← @/lib/supabase/admin,Server action reference|Form interaction,no,Unmapped
route,admin/layout.tsx,/admin (layout),layout,apps/admin/app/admin/layout.tsx,,AdminLayout,ReactNode ← react|notFound ← next/navigation|requireUserAndProfile ← @/lib/auth|AdminNav ← @/components/admin/admin-nav,,no,Unmapped
route,admin/page.tsx,/admin,page,apps/admin/app/admin/page.tsx,,AdminGovernanceIndex,,,no,Unmapped
route,admin/partners/[orgId]/page.tsx,/admin/partners/:orgId,page,apps/admin/app/admin/partners/[orgId]/page.tsx,,EditPartnerPage,revalidatePath ← next/cache|notFound ← next/navigation|createSupabaseAdminClient ← @/lib/supabase/admin,Server action reference|Form interaction,no,Unmapped
route,admin/partners/new/page.tsx,/admin/partners/new,page,apps/admin/app/admin/partners/new/page.tsx,,NewPartnerPage,revalidatePath ← next/cache|redirect ← next/navigation|createSupabaseAdminClient ← @/lib/supabase/admin,Server action reference|Form interaction,no,Unmapped
route,admin/partners/page.tsx,/admin/partners,page,apps/admin/app/admin/partners/page.tsx,,PartnerConfigPage,Link ← next/link|createSupabaseAdminClient ← @/lib/supabase/admin,,no,Unmapped
route,admin/telcos/[id]/page.tsx,/admin/telcos/:id,page,apps/admin/app/admin/telcos/[id]/page.tsx,,EditTelcoPage,revalidatePath ← next/cache|notFound ← next/navigation|createSupabaseAdminClient ← @/lib/supabase/admin,Server action reference|Form interaction,no,Unmapped
route,admin/telcos/new/page.tsx,/admin/telcos/new,page,apps/admin/app/admin/telcos/new/page.tsx,,NewTelcoPage,revalidatePath ← next/cache|redirect ← next/navigation|createSupabaseAdminClient ← @/lib/supabase/admin,Server action reference|Form interaction,no,Unmapped
route,admin/telcos/page.tsx,/admin/telcos,page,apps/admin/app/admin/telcos/page.tsx,,TelcoProvidersPage,Link ← next/link|createSupabaseAdminClient ← @/lib/supabase/admin,,no,Unmapped
route,auth/callback/route.ts,/auth/callback,route,apps/admin/app/auth/callback/route.ts,,POST,NextRequest ← next/server|NextResponse ← next/server|cookies ← next/headers|createServerClient ← @supabase/ssr|Session ← @supabase/supabase-js|Database ← @/lib/supabase/types|getSupabaseConfigStatus ← @/lib/supabase/config,,no,Unmapped
route,error.tsx,/ (error),error,apps/admin/app/error.tsx,,Error,useEffect ← react|Link ← next/link|AlertTriangle ← lucide-react|Home ← lucide-react|RefreshCcw ← lucide-react,Client component,yes,Unmapped
route,invite/[token]/page.tsx,/invite/:token,page,apps/admin/app/invite/[token]/page.tsx,,InviteDeepLinkPage,Link ← next/link|notFound ← next/navigation|createSupabaseAdminClient ← @/lib/supabase/admin,,no,Unmapped
route,join/[groupId]/page.tsx,/join/:groupId,page,apps/admin/app/join/[groupId]/page.tsx,,JoinDeepLinkPage,Link ← next/link|notFound ← next/navigation|createSupabaseAdminClient ← @/lib/supabase/admin,,no,Unmapped
route,layout.tsx,/ (layout),layout,apps/admin/app/layout.tsx,,metadata|viewport|RootLayout,Metadata ← next|Viewport ← next|AppProviders ← @/providers/app-providers|headers ← next/headers|cookies ← next/headers|resolveRequestLocale ← @/lib/i18n/resolve-locale,,no,Unmapped
route,member/groups/[id]/members/page.tsx,/member/groups/:id/members,page,apps/admin/app/member/groups/[id]/members/page.tsx,,MembersPage,useEffect ← react|useState ← react|fetchGroupMembers ← @/lib/api/groups|GroupMember ← @/lib/api/groups|Users ← lucide-react|ArrowLeft ← lucide-react|AlertCircle ← lucide-react|Link ← next/link,Client component,yes,Members
route,member/groups/[id]/page.tsx,/member/groups/:id,page,apps/admin/app/member/groups/[id]/page.tsx,,GroupDetailPage,notFound ← next/navigation|getMemberGroupSummary ← @/lib/member/data|GroupDetailClient ← @/components/member/groups/group-detail-client,,no,Members
route,member/groups/page.tsx,/member/groups,page,apps/admin/app/member/groups/page.tsx,,MemberGroupsPage,getMemberHomeData ← @/lib/member/data|GroupGrid ← @/components/member/groups/group-grid,,no,Members
route,member/layout.tsx,/member (layout),layout,apps/admin/app/member/layout.tsx,,MemberLayout,ReactNode ← react|BottomNav ← @/components/member/navigation/bottom-nav|requireMemberSession ← @/lib/member/session,,no,Members
route,member/onboard/page.tsx,/member/onboard,page,apps/admin/app/member/onboard/page.tsx,,OnboardPage,OnboardingFlow ← @/components/member/onboarding/onboarding-flow,,no,Members
route,member/page.tsx,/member,page,apps/admin/app/member/page.tsx,,MemberHomePage,getMemberHomeData ← @/lib/member/data|MyGroupsCarousel ← @/components/member/home/my-groups-carousel|SmartTip ← @/components/member/home/smart-tip|RecentActivity ← @/components/member/home/recent-activity,,no,Members
route,member/pay/page.tsx,/member/pay,page,apps/admin/app/member/pay/page.tsx,,MemberPayPage,getMemberHomeData ← @/lib/member/data|PayComposer ← @/components/member/pay/pay-composer,,no,Members
route,member/profile/page.tsx,/member/profile,page,apps/admin/app/member/profile/page.tsx,,MemberProfilePage,getMemberHomeData ← @/lib/member/data|getMemberSession ← @/lib/member/session|ProfileOverview ← @/components/member/profile/profile-overview,,no,Members
route,member/saccos/page.tsx,/member/saccos,page,apps/admin/app/member/saccos/page.tsx,,MemberSaccosPage,getMemberHomeData ← @/lib/member/data|MySaccos ← @/components/member/saccos/my-saccos|SaccoSearch ← @/components/member/saccos/sacco-search,,no,Members
route,not-found.tsx,/ (not-found),not-found,apps/admin/app/not-found.tsx,,NotFound,Link ← next/link|ArrowLeft ← lucide-react|Compass ← lucide-react|LifeBuoy ← lucide-react|cn ← @/lib/utils|EmptyState ← @/components/ui/empty-state,,no,Unmapped
route,offline/page.tsx,/offline,page,apps/admin/app/offline/page.tsx,,metadata|dynamic|OfflineFallback,Link ← next/link,,no,Unmapped
route,page.tsx,/,page,apps/admin/app/page.tsx,,Home,redirect ← next/navigation|requireUserAndProfile ← @/lib/auth,,no,Unmapped
route,privacy/page.tsx,/privacy,page,apps/admin/app/privacy/page.tsx,,PrivacyPolicyPage,,,no,Unmapped
route,settings/sms-consent/page.tsx,/settings/sms-consent,page,apps/admin/app/settings/sms-consent/page.tsx,,SmsConsentPage,useEffect ← react|useState ← react|SmsIngest ← @/lib/native/sms-ingest,Client component,yes,Settings
route,settings/sms-ingestion/page.tsx,/settings/sms-ingestion,page,apps/admin/app/settings/sms-ingestion/page.tsx,,SmsIngestionSettingsPage,useEffect ← react|useState ← react|useRouter ← next/navigation|SmsIngest ← @/lib/native/sms-ingest|SmsMessage ← @/lib/native/sms-ingest,Client component,yes,Settings
component,admin/admin-nav.tsx,,,apps/admin/components/admin/admin-nav.tsx,,AdminNav,Link ← next/link|usePathname ← next/navigation|cn ← @/lib/utils,Client component,yes,
component,admin/approvals/approvals-panel.tsx,,,apps/admin/components/admin/approvals/approvals-panel.tsx,,AdminApprovalsPanel,useCallback ← react|useEffect ← react|useMemo ← react|useState ← react|useTransition ← react|Loader2 ← lucide-react|MailCheck ← lucide-react|RefreshCcw ← lucide-react|ShieldCheck ← lucide-react|ShieldX ← lucide-react|Button ← @/components/ui/button|Input ← @/components/ui/input|AdminPanelShortcutDetail ← @/components/admin/panel/shortcuts|decideJoinRequest ← @/app/(main)/admin/(panel)/approvals/actions|resendInvite ← @/app/(main)/admin/(panel)/approvals/actions|revokeInvite ← @/app/(main)/admin/(panel)/approvals/actions|sendInvite ← @/app/(main)/admin/(panel)/approvals/actions|ApprovalActionResult ← @/app/(main)/admin/(panel)/approvals/actions|cn ← @/lib/utils|useToast ← @/providers/toast-provider,Client component,yes,
component,admin/audit/audit-export-button.tsx,,,apps/admin/components/admin/audit/audit-export-button.tsx,,AuditExportButton,useMemo ← react|Download ← lucide-react|useTranslation ← @/providers/i18n-provider|AuditFiltersState ← @/components/admin/audit/audit-filters,Client component,yes,
component,admin/audit/audit-filters.tsx,,,apps/admin/components/admin/audit/audit-filters.tsx,,AuditFilters,useMemo ← react|useState ← react|useTransition ← react|useRouter ← next/navigation|useTranslation ← @/providers/i18n-provider,Client component|Form interaction,yes,
component,admin/audit-log-table.tsx,,,apps/admin/components/admin/audit-log-table.tsx,,AuditLogTable,useState ← react|ChevronDown ← lucide-react|ChevronUp ← lucide-react|useTranslation ← @/providers/i18n-provider|cn ← @/lib/utils,Client component,yes,
component,admin/feature-flags-card.tsx,,,apps/admin/components/admin/feature-flags-card.tsx,,FeatureFlagsCard,useEffect ← react|useMemo ← react|useState ← react|FlagAdminSnapshot ← @ibimina/flags|useToast ← @/providers/toast-provider|useTranslation ← @/providers/i18n-provider|FlagChange ← @ibimina/flags,Client component,yes,
component,admin/financial-institution-manager.tsx,,,apps/admin/components/admin/financial-institution-manager.tsx,,FinancialInstitutionManager,useMemo ← react|useState ← react|useTransition ← react|upsertFinancialInstitution ← @/app/(main)/admin/actions|deleteFinancialInstitution ← @/app/(main)/admin/actions|Database ← @/lib/supabase/types|useToast ← @/providers/toast-provider|useTranslation ← @/providers/i18n-provider|SaccoSearchCombobox ← @/components/saccos/sacco-search-combobox|SaccoSearchResult ← @/components/saccos/sacco-search-combobox|cn ← @/lib/utils,Client component,yes,
component,admin/invite-user-form.tsx,,,apps/admin/components/admin/invite-user-form.tsx,,InviteUserForm,useState ← react|useTransition ← react|Database ← @/lib/supabase/types|getSupabaseBrowserClient ← @/lib/supabase/client|SaccoSearchCombobox ← @/components/saccos/sacco-search-combobox|SaccoSearchResult ← @/components/saccos/sacco-search-combobox|OrgSearchCombobox ← @/components/admin/org-search-combobox|OrgSearchResult ← @/components/admin/org-search-combobox|useToast ← @/providers/toast-provider|useTranslation ← @/providers/i18n-provider,Client component|Form interaction,yes,
component,admin/members/directory-table.tsx,,,apps/admin/components/admin/members/directory-table.tsx,,AdminMembersDirectory,useDeferredValue ← react|useMemo ← react|useState ← react|Database ← @/lib/supabase/types|Input ← @/components/ui/input|Select ← @/components/ui/select|StatusChip ← @/components/common/status-chip,Client component,yes,
component,admin/mfa-insights-card.tsx,,,apps/admin/components/admin/mfa-insights-card.tsx,,MfaInsightsCard,useMemo ← react|useTranslation ← @/providers/i18n-provider|MfaInsights ← @/lib/mfa/insights|MfaRiskAccount ← @/lib/mfa/insights|MfaRiskReason ← @/lib/mfa/insights|Badge ← @ibimina/ui|MetricCard ← @ibimina/ui|SectionHeader ← @ibimina/ui,Client component,yes,
component,admin/momo-code-table.tsx,,,apps/admin/components/admin/momo-code-table.tsx,,MomoCodeTable,useMemo ← react|useState ← react|useTransition ← react|Database ← @/lib/supabase/types|upsertMomoCode ← @/app/(main)/admin/actions|deleteMomoCode ← @/app/(main)/admin/actions|useToast ← @/providers/toast-provider|useTranslation ← @/providers/i18n-provider|cn ← @/lib/utils,Client component,yes,
component,admin/notification-queue-table.tsx,,,apps/admin/components/admin/notification-queue-table.tsx,,NotificationQueueTable,useMemo ← react|useTranslation ← @/providers/i18n-provider,Client component,yes,
component,admin/ocr/ocr-review-queue.tsx,,,apps/admin/components/admin/ocr/ocr-review-queue.tsx,,OcrReviewQueue,Image ← next/image|useEffect ← react|useMemo ← react|useState ← react|useTransition ← react|useTranslation ← @/providers/i18n-provider|useToast ← @/providers/toast-provider|resolveOcrReview ← @/app/(main)/admin/actions|StatusChip ← @/components/common/status-chip,Client component,yes,
component,admin/operational-telemetry.tsx,,,apps/admin/components/admin/operational-telemetry.tsx,,OperationalTelemetry,useTranslation ← @/providers/i18n-provider|cn ← @/lib/utils,Client component,yes,
component,admin/org-search-combobox.tsx,,,apps/admin/components/admin/org-search-combobox.tsx,,OrgSearchCombobox,useEffect ← react|useMemo ← react|useState ← react|cn ← @/lib/utils|useTranslation ← @/providers/i18n-provider,Client component,yes,
component,admin/orgs/backfill-button.tsx,,,apps/admin/components/admin/orgs/backfill-button.tsx,,BackfillButton,useTransition ← react|useToast ← @/providers/toast-provider|backfillOrgMemberships ← @/app/(main)/admin/actions,Client component,yes,
component,admin/outreach-automation-card.tsx,,,apps/admin/components/admin/outreach-automation-card.tsx,,OutreachAutomationCard,useMemo ← react|useState ← react|useTransition ← react|useTranslation ← @/providers/i18n-provider|useToast ← @/providers/toast-provider|getSupabaseBrowserClient ← @/lib/supabase/client,Client component,yes,
component,admin/panel/nav-items.ts,,,apps/admin/components/admin/panel/nav-items.ts,,ADMIN_NAV_LINKS,PanelIconKey ← @/components/admin/panel/types,,no,
component,admin/panel/panel-shell.tsx,,,apps/admin/components/admin/panel/panel-shell.tsx,,AdminPanelShell,useEffect ← react|useMemo ← react|useState ← react|Link ← next/link|usePathname ← next/navigation|useSearchParams ← next/navigation|BarChartBig ← lucide-react|Bot ← lucide-react|Building2 ← lucide-react|Flag ← lucide-react|Inbox ← lucide-react|LayoutDashboard ← lucide-react|Menu ← lucide-react|Megaphone ← lucide-react|Scan ← lucide-react|ScrollText ← lucide-react|Settings2 ← lucide-react|SlidersHorizontal ← lucide-react|UsersRound ← lucide-react|UserSquare2 ← lucide-react|UserCog ← lucide-react|Wallet ← lucide-react|X ← lucide-react|ProfileRow ← @/lib/auth|cn ← @/lib/utils|AdminPanelTopBar ← @/components/admin/panel/top-bar|PanelBadgeTone ← @/components/admin/panel/types|PanelIconKey ← @/components/admin/panel/types|TenantOption ← @/components/admin/panel/types|ADMIN_NAV_LINKS ← @/components/admin/panel/nav-items|AdminPanelShortcuts ← @/components/admin/panel/shortcuts,Client component|Charts or data viz,yes,
component,admin/panel/shortcuts.tsx,,,apps/admin/components/admin/panel/shortcuts.tsx,,AdminPanelShortcuts,useEffect ← react,Client component,yes,
component,admin/panel/tenant-switcher.tsx,,,apps/admin/components/admin/panel/tenant-switcher.tsx,,TenantSwitcher,useMemo ← react|useRouter ← next/navigation|useSearchParams ← next/navigation|usePathname ← next/navigation|Building2 ← lucide-react|TenantOption ← @/components/admin/panel/types|cn ← @/lib/utils,Client component,yes,
component,admin/panel/top-bar.tsx,,,apps/admin/components/admin/panel/top-bar.tsx,,AdminPanelTopBar,useMemo ← react|useState ← react|Bell ← lucide-react|Menu ← lucide-react|Search ← lucide-react|ProfileRow ← @/lib/auth|LanguageSwitcher ← @/components/common/language-switcher|OfflineQueueIndicator ← @/components/system/offline-queue-indicator.ssr-wrapper|GlobalSearchDialog ← @/components/layout/global-search-dialog|SignOutButton ← @/components/auth/sign-out-button|TenantSwitcher ← @/components/admin/panel/tenant-switcher|TenantOption ← @/components/admin/panel/types|ADMIN_NAV_LINKS ← @/components/admin/panel/nav-items,Client component,yes,
component,admin/panel/types.ts,,,apps/admin/components/admin/panel/types.ts,,,,,no,
component,admin/sacco-branding-card.tsx,,,apps/admin/components/admin/sacco-branding-card.tsx,,SaccoBrandingCard,OptimizedImage ← @/components/ui/optimized-image|useCallback ← react|useState ← react|useTransition ← react|getSupabaseBrowserClient ← @/lib/supabase/client|Database ← @/lib/supabase/types|useToast ← @/providers/toast-provider|useTranslation ← @/providers/i18n-provider,Client component,yes,
component,admin/sacco-registry-manager.tsx,,,apps/admin/components/admin/sacco-registry-manager.tsx,,SaccoRegistryManager,useMemo ← react|useState ← react|useTransition ← react|useToast ← @/providers/toast-provider|cn ← @/lib/utils|useTranslation ← @/providers/i18n-provider|upsertSacco ← @/app/(main)/admin/actions|removeSacco ← @/app/(main)/admin/actions|Database ← @/lib/supabase/types,Client component,yes,
component,admin/settings/security-operations-card.tsx,,,apps/admin/components/admin/settings/security-operations-card.tsx,,SecurityOperationsCard,useState ← react|useTransition ← react|useTranslation ← @/providers/i18n-provider|useToast ← @/providers/toast-provider|resetMfaForAllEnabled ← @/app/(main)/admin/actions,Client component,yes,
component,admin/settings/tenant-settings-panel.tsx,,,apps/admin/components/admin/settings/tenant-settings-panel.tsx,,TenantSettingsPanel,useEffect ← react|useMemo ← react|useState ← react|useTransition ← react|useToast ← @/providers/toast-provider|useTranslation ← @/providers/i18n-provider|updateTenantSettings ← @/app/(main)/admin/actions,Client component,yes,
component,admin/sms-template-panel.tsx,,,apps/admin/components/admin/sms-template-panel.tsx,,SmsTemplatePanel,useEffect ← react|useMemo ← react|useState ← react|useTransition ← react|getSupabaseBrowserClient ← @/lib/supabase/client|Database ← @/lib/supabase/types|useToast ← @/providers/toast-provider|useTranslation ← @/providers/i18n-provider|queueNotification ← @/app/(main)/admin/actions|createSmsTemplate ← @/app/(main)/admin/actions|setSmsTemplateActive ← @/app/(main)/admin/actions|deleteSmsTemplate ← @/app/(main)/admin/actions,Client component,yes,
component,admin/staff/add-staff-drawer.tsx,,,apps/admin/components/admin/staff/add-staff-drawer.tsx,,AddStaffDrawerTrigger,useState ← react|useTransition ← react|Trans ← @/components/common/trans|useTranslation ← @/providers/i18n-provider|useToast ← @/providers/toast-provider|getSupabaseBrowserClient ← @/lib/supabase/client|Database ← @/lib/supabase/types,Client component|Form interaction,yes,
component,admin/staff/staff-detail.tsx,,,apps/admin/components/admin/staff/staff-detail.tsx,,StaffDetail,useEffect ← react|useState ← react|useTransition ← react|Database ← @/lib/supabase/types|useToast ← @/providers/toast-provider|resetUserPassword ← @/app/(main)/admin/actions|toggleUserSuspension ← @/app/(main)/admin/actions|SaccoSearchCombobox ← @/components/saccos/sacco-search-combobox|SaccoSearchResult ← @/components/saccos/sacco-search-combobox|OrgSearchCombobox ← @/components/admin/org-search-combobox|OrgSearchResult ← @/components/admin/org-search-combobox,Client component,yes,
component,admin/staff/staff-directory-table.tsx,,,apps/admin/components/admin/staff/staff-directory-table.tsx,,StaffDirectoryTable,useState ← react|Link ← next/link|StatusChip ← @/components/common/status-chip|Trans ← @/components/common/trans|useTranslation ← @/providers/i18n-provider,Client component,yes,
component,admin/staff/staff-directory.tsx,,,apps/admin/components/admin/staff/staff-directory.tsx,,StaffDirectory,useEffect ← react|useState ← react|useTransition ← react|Database ← @/lib/supabase/types|Input ← @/components/ui/input|Select ← @/components/ui/select|SaccoSearchCombobox ← @/components/saccos/sacco-search-combobox|SaccoSearchResult ← @/components/saccos/sacco-search-combobox|OrgSearchCombobox ← @/components/admin/org-search-combobox|OrgSearchResult ← @/components/admin/org-search-combobox|UserAccessTable ← @/components/admin/user-access-table|StaffDetail ← @/components/admin/staff/staff-detail|StaffRow ← @/components/admin/staff/staff-detail,Client component,yes,
component,admin/staff/staff-filters.tsx,,,apps/admin/components/admin/staff/staff-filters.tsx,,StaffFilters,useRouter ← next/navigation|useSearchParams ← next/navigation|Trans ← @/components/common/trans|useTranslation ← @/providers/i18n-provider,Client component,yes,
component,admin/user-access-table.tsx,,,apps/admin/components/admin/user-access-table.tsx,,UserAccessTable,useMemo ← react|useTransition ← react|Database ← @/lib/supabase/types|useTranslation ← @/providers/i18n-provider|useToast ← @/providers/toast-provider|queueMfaReminder ← @/app/(main)/admin/actions|updateUserAccess ← @/app/(main)/admin/actions|resetUserPassword ← @/app/(main)/admin/actions|toggleUserSuspension ← @/app/(main)/admin/actions,Client component,yes,
component,ai/chat-panel.tsx,,,apps/admin/components/ai/chat-panel.tsx,,ChatPanel,useState ← react|useRef ← react|useEffect ← react,Client component|Form interaction,yes,
component,analytics/executive-overview.tsx,,,apps/admin/components/analytics/executive-overview.tsx,,ExecutiveOverview,useTranslation ← @/providers/i18n-provider|ExecutiveAnalyticsSnapshot ← @/lib/analytics|RiskLevel ← @/lib/analytics|cn ← @/lib/utils|Link ← next/link|RiskSignalsVirtualized ← @/components/analytics/risk-signals-virtualized,Client component,yes,
component,analytics/risk-signals-virtualized.tsx,,,apps/admin/components/analytics/risk-signals-virtualized.tsx,,RiskSignalsVirtualized,useMemo ← react|useRef ← react|Link ← next/link|useVirtualizer ← @tanstack/react-virtual|ExecutiveAnalyticsSnapshot ← @/lib/analytics|cn ← @/lib/utils|useTranslation ← @/providers/i18n-provider,Client component,yes,
component,auth/admin-login-form.tsx,,,apps/admin/components/auth/admin-login-form.tsx,,AdminLoginForm,AuthxLoginForm ← ./authx-login-form,Client component,yes,
component,auth/authx-login-form.tsx,,,apps/admin/components/auth/authx-login-form.tsx,,AuthxLoginForm,useCallback ← react|useEffect ← react|useMemo ← react|useRef ← react|useState ← react|startAuthentication ← @simplewebauthn/browser|useRouter ← next/navigation|AUTHX_FACTORS ← @/lib/auth/client|initiateAuthxFactor ← @/lib/auth/client|listAuthxFactors ← @/lib/auth/client|signInWithPassword ← @/lib/auth/client|signOut ← @/lib/auth/client|verifyAuthxFactor ← @/lib/auth/client|AuthxFactor ← @/lib/auth/client|AuthxFactorsSummary ← @/lib/auth/client|getSupabaseBrowserClient ← @/lib/supabase/client|useTranslation ← @/providers/i18n-provider|OptimizedImage ← @/components/ui/optimized-image,Client component|Form interaction,yes,
component,auth/device-login-page.tsx,,,apps/admin/components/auth/device-login-page.tsx,,DeviceLoginPage,Link ← next/link|QRLogin ← ./qr-login|ArrowLeft ← lucide-react,Client component,yes,
component,auth/login-form.tsx,,,apps/admin/components/auth/login-form.tsx,,LoginForm,AuthxLoginForm ← ./authx-login-form,Client component,yes,
component,auth/qr-login.tsx,,,apps/admin/components/auth/qr-login.tsx,,QRLogin,useEffect ← react|useRef ← react|useState ← react|QRCode ← qrcode|Loader2 ← lucide-react|RefreshCw ← lucide-react|Smartphone ← lucide-react|Shield ← lucide-react|AlertCircle ← lucide-react,Client component,yes,
component,auth/sign-out-button.tsx,,,apps/admin/components/auth/sign-out-button.tsx,,SignOutButton,useCallback ← react|useState ← react|useRouter ← next/navigation|LogOut ← lucide-react|getSupabaseBrowserClient ← @/lib/supabase/client|useTranslation ← @/providers/i18n-provider|cn ← @/lib/utils,Client component,yes,
component,common/language-switcher.tsx,,,apps/admin/components/common/language-switcher.tsx,,LanguageSwitcher,ChangeEvent ← react|useCallback ← react|useTranslation ← @/providers/i18n-provider|cn ← @/lib/utils,Client component,yes,
component,common/status-chip.tsx,,,apps/admin/components/common/status-chip.tsx,,StatusChip,,,no,
component,common/trans.tsx,,,apps/admin/components/common/trans.tsx,,Trans,useTranslation ← @/providers/i18n-provider,Client component,yes,
component,dashboard/kpi-stat.tsx,,,apps/admin/components/dashboard/kpi-stat.tsx,,KPIStat,MetricCard ← @ibimina/ui|MetricCardProps ← @ibimina/ui,,no,
component,dashboard/missed-contributors-list.tsx,,,apps/admin/components/dashboard/missed-contributors-list.tsx,,MissedContributorsList,cn ← @/lib/utils,,no,
component,dashboard/quick-action.tsx,,,apps/admin/components/dashboard/quick-action.tsx,,QuickAction,Link ← next/link|Route ← next|ReactNode ← react|motion ← framer-motion|cn ← @/lib/utils|track ← @/src/lib/analytics,Client component,yes,
component,dashboard/top-ikimina-table.tsx,,,apps/admin/components/dashboard/top-ikimina-table.tsx,,TopIkiminaTable,useMemo ← react|ColumnDef ← @tanstack/react-table|DashboardSummary ← @/lib/dashboard|VirtualTable ← @/components/datagrid/virtual-table|useTranslation ← @/providers/i18n-provider|StatusChip ← @/components/common/status-chip|EmptyState ← @/components/ui/empty-state,Client component,yes,
component,datagrid/virtual-table.tsx,,,apps/admin/components/datagrid/virtual-table.tsx,,VirtualTable,ColumnDef ← @tanstack/react-table|flexRender ← @tanstack/react-table|getCoreRowModel ← @tanstack/react-table|getFilteredRowModel ← @tanstack/react-table|getSortedRowModel ← @tanstack/react-table|useReactTable ← @tanstack/react-table|useMemo ← react|useRef ← react|useVirtualizer ← @tanstack/react-virtual|cn ← @/lib/utils,Client component,yes,
component,examples/NetworkMonitorExample.tsx,,,apps/admin/components/examples/NetworkMonitorExample.tsx,,NetworkMonitorExample,useEffect ← react|useState ← react|NetworkMonitor ← @/lib/plugins/network-monitor|NetworkStatus ← @/lib/plugins/network-monitor|Wifi ← lucide-react|WifiOff ← lucide-react|Signal ← lucide-react|Smartphone ← lucide-react,Client component,yes,
component,examples/NotificationExample.tsx,,,apps/admin/components/examples/NotificationExample.tsx,,NotificationExample,useEffect ← react|useState ← react|EnhancedNotifications ← @/lib/plugins/enhanced-notifications|Bell ← lucide-react|CheckCircle ← lucide-react|XCircle ← lucide-react,Client component,yes,
component,examples/index.ts,,,apps/admin/components/examples/index.ts,,,,,no,
component,ikimina/ikimina-deposits-table.tsx,,,apps/admin/components/ikimina/ikimina-deposits-table.tsx,,IkiminaDepositsTable,useMemo ← react|ColumnDef ← @tanstack/react-table|VirtualTable ← @/components/datagrid/virtual-table|StatusChip ← @/components/common/status-chip|useTranslation ← @/providers/i18n-provider|EmptyState ← @/components/ui/empty-state,Client component,yes,
component,ikimina/ikimina-detail-tabs.tsx,,,apps/admin/components/ikimina/ikimina-detail-tabs.tsx,,IkiminaDetailTabs,useDeferredValue ← react|useMemo ← react|useState ← react|ColumnDef ← @tanstack/react-table|VirtualTable ← @/components/datagrid/virtual-table|EmptyState ← @/components/ui/empty-state|Database ← @/lib/supabase/types|StatusChip ← @/components/common/status-chip|Input ← @/components/ui/input|useTranslation ← @/providers/i18n-provider|IkiminaSettingsEditor ← @/components/ikimina/ikimina-settings-editor|SegmentedControl ← @/components/ui/segmented-control,Client component,yes,
component,ikimina/ikimina-settings-editor.tsx,,,apps/admin/components/ikimina/ikimina-settings-editor.tsx,,IkiminaSettingsEditor,useActionState ← react|useEffect ← react|useMemo ← react|useState ← react|useTranslation ← @/providers/i18n-provider|GlassCard ← @/components/ui/glass-card|Input ← @/components/ui/input|useToast ← @/providers/toast-provider|IKIMINA_SETTINGS_INITIAL_STATE ← @/app/(main)/ikimina/actions|SettingsActionState ← @/app/(main)/ikimina/actions|updateIkiminaSettings ← @/app/(main)/ikimina/actions|useProfileContext ← @/providers/profile-provider|canManageSettings ← @/lib/permissions,Client component|Form interaction,yes,
component,ikimina/ikimina-table.tsx,,,apps/admin/components/ikimina/ikimina-table.tsx,,IkiminaTable,Link ← next/link|useDeferredValue ← react|useMemo ← react|useState ← react|CellContext ← @tanstack/react-table|ColumnDef ← @tanstack/react-table|VirtualTable ← @/components/datagrid/virtual-table|EmptyState ← @/components/ui/empty-state|Input ← @/components/ui/input|Select ← @/components/ui/select|StatusChip ← @/components/common/status-chip|cn ← @/lib/utils|useTranslation ← @/providers/i18n-provider,Client component,yes,
component,ikimina/member-directory-card.tsx,,,apps/admin/components/ikimina/member-directory-card.tsx,,MemberDirectoryCard,useDeferredValue ← react|useMemo ← react|useState ← react|ColumnDef ← @tanstack/react-table|VirtualTable ← @/components/datagrid/virtual-table|Input ← @/components/ui/input|SegmentedControl ← @/components/ui/segmented-control|StickyActionBar ← @/components/ui/sticky-action-bar|GlassCard ← @/components/ui/glass-card|EmptyState ← @/components/ui/empty-state|StatusChip ← @/components/common/status-chip|MemberImportWizard ← @/components/ikimina/member-import-wizard|MemberPdfImportDialog ← @/components/ikimina/member-pdf-import-dialog|Database ← @/lib/supabase/types|useTranslation ← @/providers/i18n-provider,Client component,yes,
component,ikimina/member-import-wizard.tsx,,,apps/admin/components/ikimina/member-import-wizard.tsx,,MemberImportWizard,useEffect ← react|useMemo ← react|useState ← react|useTransition ← react|getSupabaseBrowserClient ← @/lib/supabase/client|Database ← @/lib/supabase/types|useToast ← @/providers/toast-provider|useConfirmDialog ← @/providers/confirm-provider|DEFAULT_MEMBER_MASKS ← @/lib/imports/validation|getMaskOptions ← @/lib/imports/validation|processRow ← @/lib/imports/validation|ProcessedCell ← @/lib/imports/validation|ProcessedRow ← @/lib/imports/validation|parseTabularFile ← @/lib/imports/file-parser|Skeleton ← @/components/ui/skeleton|useTranslation ← @/providers/i18n-provider,Client component,yes,
component,ikimina/member-pdf-import-dialog.tsx,,,apps/admin/components/ikimina/member-pdf-import-dialog.tsx,,MemberPdfImportDialog,useMemo ← react|useState ← react|useTransition ← react|getSupabaseBrowserClient ← @/lib/supabase/client|useToast ← @/providers/toast-provider|Skeleton ← @/components/ui/skeleton|cn ← @/lib/utils|DEFAULT_MEMBER_MASKS ← @/lib/imports/validation|getMaskOptions ← @/lib/imports/validation|processRow ← @/lib/imports/validation|ProcessedCell ← @/lib/imports/validation|ProcessedRow ← @/lib/imports/validation|Database ← @/lib/supabase/types,Client component,yes,
component,ikimina/statement-import-wizard.tsx,,,apps/admin/components/ikimina/statement-import-wizard.tsx,,StatementImportWizard,Link ← next/link|useCallback ← react|useEffect ← react|useMemo ← react|useState ← react|useTransition ← react|useToast ← @/providers/toast-provider|useConfirmDialog ← @/providers/confirm-provider|DEFAULT_STATEMENT_MASKS ← @/lib/imports/validation|getMaskOptions ← @/lib/imports/validation|processRow ← @/lib/imports/validation|ProcessedCell ← @/lib/imports/validation|ProcessedRow ← @/lib/imports/validation|parseTabularFile ← @/lib/imports/file-parser|Skeleton ← @/components/ui/skeleton|SegmentedControl ← @/components/ui/segmented-control|Button ← @/components/ui/button|useTranslation ← @/providers/i18n-provider,Client component,yes,
component,layout/app-shell.tsx,,,apps/admin/components/layout/app-shell.tsx,,AppShell,useEffect ← react|useMemo ← react|useRef ← react|useState ← react|Link ← next/link|usePathname ← next/navigation|LayoutDashboard ← lucide-react|UsersRound ← lucide-react|Workflow ← lucide-react|BarChartBig ← lucide-react|Settings2 ← lucide-react|Plus ← lucide-react|ListPlus ← lucide-react|Inbox ← lucide-react|Search ← lucide-react|LineChart ← lucide-react|ProfileRow ← @/lib/auth|cn ← @/lib/utils|useTranslation ← @/providers/i18n-provider|LanguageSwitcher ← @/components/common/language-switcher|GlobalSearchDialog ← @/components/layout/global-search-dialog|OfflineQueueIndicator ← @/components/system/offline-queue-indicator.ssr-wrapper|SignOutButton ← @/components/auth/sign-out-button,Client component|Charts or data viz,yes,
component,layout/global-search-dialog.tsx,,,apps/admin/components/layout/global-search-dialog.tsx,,GlobalSearchDialog,Link ← next/link|ReactKeyboardEvent ← react|ReactNode ← react|useCallback ← react|useEffect ← react|useMemo ← react|useRef ← react|useState ← react|useId ← react|useRouter ← next/navigation|ArrowUpRight ← lucide-react|Loader2 ← lucide-react|Search ← lucide-react|X ← lucide-react|ProfileRow ← @/lib/auth|getSupabaseBrowserClient ← @/lib/supabase/client|SaccoSearchCombobox ← @/components/saccos/sacco-search-combobox|SaccoSearchResult ← @/components/saccos/sacco-search-combobox|useTranslation ← @/providers/i18n-provider|useToast ← @/providers/toast-provider|cn ← @/lib/utils,Client component,yes,
component,member/groups/group-detail-client.tsx,,,apps/admin/components/member/groups/group-detail-client.tsx,,GroupDetailClient,useState ← react|useTransition ← react|Link ← next/link|useRouter ← next/navigation|MemberGroupRow ← @/lib/member/data|MemberSaccoSummary ← @/lib/member/data|submitJoinRequest ← @/lib/api/groups|Users ← lucide-react|ArrowRight ← lucide-react|CheckCircle ← lucide-react|AlertCircle ← lucide-react,Client component,yes,
component,member/groups/group-grid.tsx,,,apps/admin/components/member/groups/group-grid.tsx,,GroupGrid,useTransition ← react|MemberGroupRow ← @/lib/member/data|MemberJoinRequestRow ← @/lib/member/data|Link ← next/link|Users ← lucide-react|useRouter ← next/navigation,Client component,yes,
component,member/groups/ikimina-widget.tsx,,,apps/admin/components/member/groups/ikimina-widget.tsx,,IkiminaWidget,MemberGroupRow ← @/lib/member/data|Landmark ← lucide-react|Users ← lucide-react|CalendarClock ← lucide-react|Link ← next/link,,no,
component,member/home/my-groups-carousel.tsx,,,apps/admin/components/member/home/my-groups-carousel.tsx,,MyGroupsCarousel,MemberGroupRow ← @/lib/member/data|IkiminaWidget ← @/components/member/groups/ikimina-widget,,no,
component,member/home/recent-activity.tsx,,,apps/admin/components/member/home/recent-activity.tsx,,RecentActivity,MemberJoinRequestRow ← @/lib/member/data,,no,
component,member/home/smart-tip.tsx,,,apps/admin/components/member/home/smart-tip.tsx,,SmartTip,BellRing ← lucide-react,,no,
component,member/navigation/bottom-nav.tsx,,,apps/admin/components/member/navigation/bottom-nav.tsx,,BottomNav,Link ← next/link|usePathname ← next/navigation|Home ← lucide-react|Users ← lucide-react|Landmark ← lucide-react|WalletMinimal ← lucide-react|UserRound ← lucide-react|cn ← @/lib/utils,Client component,yes,
component,member/onboarding/onboarding-flow.tsx,,,apps/admin/components/member/onboarding/onboarding-flow.tsx,,OnboardingFlow,useMemo ← react|useRef ← react|useState ← react|useTransition ← react|useRouter ← next/navigation|Camera ← lucide-react|CheckCircle2 ← lucide-react|FileUp ← lucide-react|Loader2 ← lucide-react,Client component,yes,
component,member/pay/pay-composer.tsx,,,apps/admin/components/member/pay/pay-composer.tsx,,PayComposer,useState ← react|MemberGroupRow ← @/lib/member/data|UssdInstructions ← @/components/member/pay/ussd-instructions,Client component,yes,
component,member/pay/ussd-instructions.tsx,,,apps/admin/components/member/pay/ussd-instructions.tsx,,UssdInstructions,useEffect ← react|useState ← react|useTransition ← react|Copy ← lucide-react|PhoneCall ← lucide-react|track ← @/src/lib/analytics,Client component,yes,
component,member/profile/profile-overview.tsx,,,apps/admin/components/member/profile/profile-overview.tsx,,ProfileOverview,MemberProfileRow ← @/lib/member/data,,no,
component,member/saccos/my-saccos.tsx,,,apps/admin/components/member/saccos/my-saccos.tsx,,MySaccos,MemberSaccoRow ← @/lib/member/data|Landmark ← lucide-react,,no,
component,member/saccos/sacco-search.tsx,,,apps/admin/components/member/saccos/sacco-search.tsx,,SaccoSearch,useState ← react|useTransition ← react|useRouter ← next/navigation|Search ← lucide-react|Landmark ← lucide-react,Client component,yes,
component,profile/password-change.tsx,,,apps/admin/components/profile/password-change.tsx,,PasswordChange,useState ← react|useEffect ← react|Lock ← lucide-react|AlertTriangle ← lucide-react|getPlatformType ← @/lib/platform|isWebPlatform ← @/lib/platform,Form interaction,no,
component,pwa/install-prompt.tsx,,,apps/admin/components/pwa/install-prompt.tsx,,InstallPrompt,useCallback ← react|useEffect ← react|useRef ← react|AddToHomeBanner ← @/components/system/add-to-home-banner,Client component,yes,
component,recon/automation-health-banner.tsx,,,apps/admin/components/recon/automation-health-banner.tsx,,AutomationHealthBanner,useMemo ← react|Trans ← @/components/common/trans|useTranslation ← @/providers/i18n-provider|cn ← @/lib/utils,Client component,yes,
component,recon/reconciliation-table.tsx,,,apps/admin/components/recon/reconciliation-table.tsx,,ReconciliationTable,useCallback ← react|useEffect ← react|useMemo ← react|useRef ← react|useState ← react|useTransition ← react|useDeferredValue ← react|getSupabaseBrowserClient ← @/lib/supabase/client|Database ← @/lib/supabase/types|StatusChip ← @/components/common/status-chip|Input ← @/components/ui/input|cn ← @/lib/utils|useToast ← @/providers/toast-provider|useTranslation ← @/providers/i18n-provider|useOfflineQueue ← @/providers/offline-queue-provider,Client component,yes,
component,recon/sms-inbox-panel.tsx,,,apps/admin/components/recon/sms-inbox-panel.tsx,,SmsInboxPanel,useDeferredValue ← react|useMemo ← react|useState ← react|Input ← @/components/ui/input|StatusChip ← @/components/common/status-chip,Client component,yes,
component,reports/report-export-panel.tsx,,,apps/admin/components/reports/report-export-panel.tsx,,ReportExportPanel,useMemo ← react|useState ← react|useTransition ← react|getSupabaseBrowserClient ← @/lib/supabase/client|SaccoSearchResult ← @/components/saccos/sacco-search-combobox|useTranslation ← @/providers/i18n-provider|useToast ← @/providers/toast-provider,Client component,yes,
component,reports/report-filters.tsx,,,apps/admin/components/reports/report-filters.tsx,,ReportFilters,useEffect ← react|useState ← react|SaccoSearchResult ← @/components/saccos/sacco-search-combobox|SaccoSearchCombobox ← @/components/saccos/sacco-search-combobox|useTranslation ← @/providers/i18n-provider,Client component,yes,
component,reports/report-preview.tsx,,,apps/admin/components/reports/report-preview.tsx,,ReportPreview,useEffect ← react|useMemo ← react|useState ← react|EmptyState ← @/components/ui/empty-state|Skeleton ← @/components/ui/skeleton|useTranslation ← @/providers/i18n-provider|useToast ← @/providers/toast-provider|ReportExportFilters ← @/components/reports/report-export-panel,Client component,yes,
component,reports/report-subscriptions-card.tsx,,,apps/admin/components/reports/report-subscriptions-card.tsx,,ReportSubscriptionsCard,useMemo ← react|useState ← react|useTransition ← react|SaccoSearchResult ← @/components/saccos/sacco-search-combobox|ReportFiltersChange ← @/components/reports/report-filters|useTranslation ← @/providers/i18n-provider|useToast ← @/providers/toast-provider|createReportSubscription ← @/app/(main)/reports/actions|deleteReportSubscription ← @/app/(main)/reports/actions|toggleReportSubscription ← @/app/(main)/reports/actions|ReportSubscription ← @/app/(main)/reports/types,Client component,yes,
component,saccos/sacco-search-combobox.tsx,,,apps/admin/components/saccos/sacco-search-combobox.tsx,,SaccoSearchCombobox,useEffect ← react|useMemo ← react|useState ← react|getSupabaseBrowserClient ← @/lib/supabase/client|Database ← @/lib/supabase/types|cn ← @/lib/utils|useTranslation ← @/providers/i18n-provider,Client component,yes,
component,staff/staff-nav.tsx,,,apps/admin/components/staff/staff-nav.tsx,,StaffNav,Link ← next/link|usePathname ← next/navigation|cn ← @/lib/utils,Client component,yes,
component,system/add-to-home-banner.tsx,,,apps/admin/components/system/add-to-home-banner.tsx,,AddToHomeBanner,useCallback ← react|useEffect ← react|useId ← react|useRef ← react|ReactKeyboardEvent ← react|cn ← @/lib/utils,Client component,yes,
component,system/no-ssr.tsx,,,apps/admin/components/system/no-ssr.tsx,,noSSR,dynamic ← next/dynamic,,no,
component,system/offline-queue-indicator.ssr-wrapper.tsx,,,apps/admin/components/system/offline-queue-indicator.ssr-wrapper.tsx,,OfflineQueueIndicator,dynamic ← next/dynamic,,no,
component,system/offline-queue-indicator.tsx,,,apps/admin/components/system/offline-queue-indicator.tsx,,OfflineQueueIndicator,useState ← react|Loader2 ← lucide-react|RefreshCcw ← lucide-react|Wifi ← lucide-react|WifiOff ← lucide-react|X ← lucide-react|useOfflineQueue ← @/providers/offline-queue-provider|useTranslation ← @/providers/i18n-provider|cn ← @/lib/utils,Client component,yes,
component,ui/button.tsx,,,apps/admin/components/ui/button.tsx,,,,,no,
component,ui/empty-state.tsx,,,apps/admin/components/ui/empty-state.tsx,,,,,no,
component,ui/glass-card.tsx,,,apps/admin/components/ui/glass-card.tsx,,,,,no,
component,ui/gradient-header.tsx,,,apps/admin/components/ui/gradient-header.tsx,,,,,no,
component,ui/index.ts,,,apps/admin/components/ui/index.ts,,,,,no,
component,ui/input.tsx,,,apps/admin/components/ui/input.tsx,,,,,no,
component,ui/lazy-load.tsx,,,apps/admin/components/ui/lazy-load.tsx,,LazyLoad,Suspense ← react|ComponentType ← react|LazyExoticComponent ← react|LoadingSpinner ← ./loading-spinner,Client component|Suspense boundary,yes,
component,ui/loading-spinner.tsx,,,apps/admin/components/ui/loading-spinner.tsx,,LoadingSpinner,Loader2 ← lucide-react|cn ← @/lib/utils,,no,
component,ui/lottie-slot.tsx,,,apps/admin/components/ui/lottie-slot.tsx,,,,,no,
component,ui/optimized-image.tsx,,,apps/admin/components/ui/optimized-image.tsx,,,,,no,
component,ui/page-transition.tsx,,,apps/admin/components/ui/page-transition.tsx,,PageTransition,motion ← framer-motion|AnimatePresence ← framer-motion|usePathname ← next/navigation|ReactNode ← react,Client component,yes,
component,ui/responsive-container.tsx,,,apps/admin/components/ui/responsive-container.tsx,,ResponsiveContainer,ReactNode ← react|cn ← @/lib/utils,,no,
component,ui/segmented-control.tsx,,,apps/admin/components/ui/segmented-control.tsx,,,,,no,
component,ui/select.tsx,,,apps/admin/components/ui/select.tsx,,,,,no,
component,ui/skeleton.tsx,,,apps/admin/components/ui/skeleton.tsx,,,,,no,
component,ui/sparkline.tsx,,,apps/admin/components/ui/sparkline.tsx,,,,,no,
component,ui/sticky-action-bar.tsx,,,apps/admin/components/ui/sticky-action-bar.tsx,,,,,no,